{
    "ros2_adapter_configuration": {
        "subscribers": [
            {
                "ros2_topic": "/ip",
                "ros2_message_type": "std_msgs/msg/String",
                "formant_stream": "ip",
                "tags": {
                    "network": "local"
                }
            },
            {
                "ros2_topic": "/color/image",
                "formant_stream": "camera.color"
            },
            {
                "ros2_topic": "/battery_state",
                "formant_stream": "battery.state"
            },
            {
                "ros2_topic": "/wheel_vels",
                "formant_stream": "wheel.velocity",
                "ros2_message_paths": [
                    {
                        "path": "velocity_left",
                        "tags": {
                            "side": "left"
                        }
                    }
                ]
            },
            {
                "ros2_topic": "/wheel_vels",
                "formant_stream": "wheel.velocity",
                "ros2_message_paths": [
                    {
                        "path": "velocity_right",
                        "tags": {
                            "side": "right"
                        }
                    }
                ]
            }
        ],
        "publishers": [
            {
                "formant_stream": "joystick",
                "ros2_topic": "/cmd_vel",
                "ros2_message_type": "geometry_msgs/msg/Twist"
            },
            {
                "formant_stream": "test_bool1",
                "ros2_topic": "/test_bool",
                "ros2_message_type": "std_msgs/msg/Bool"
            },
            {
                "formant_stream": "test_bool2",
                "ros2_topic": "/test_bool",
                "ros2_message_type": "std_msgs/msg/Bool"
            },
            {
                "formant_stream": "test_bool2",
                "ros2_topic": "/test_string",
                "ros2_message_type": "std_msgs/msg/String"
            },
            {
                "formant_stream": "test_string",
                "ros2_topic": "/test_string",
                "ros2_message_type": "std_msgs/msg/String"
            },
            {
                "formant_stream": "test_int1",
                "ros2_topic": "/test_int1",
                "ros2_message_type": "std_msgs/msg/Int32"
            },
            {
                "formant_stream": "test_int2",
                "ros2_topic": "/test_int2",
                "ros2_message_type": "std_msgs/msg/Int64"
            },
            {
                "formant_stream": "test_float32",
                "ros2_topic": "/test_float32",
                "ros2_message_type": "std_msgs/msg/Float32"
            },
            {
                "formant_stream": "test_twist",
                "ros2_topic": "/test_twist",
                "ros2_message_type": "geometry_msgs/msg/Twist"
            },
            {
                "formant_stream": "test_joy",
                "ros2_topic": "/test_joy",
                "ros2_message_type": "sensor_msgs/msg/Joy"
            },
            {
                "formant_stream": "test_point",
                "ros2_topic": "/test_point",
                "ros2_message_type": "geometry_msgs/msg/Point"
            },
            {
                "formant_stream": "test_pose",
                "ros2_topic": "/test_pose",
                "ros2_message_type": "geometry_msgs/msg/Pose"
            }  
        ],
        "service_clients": [
            {
                "formant_stream": "reboot",
                "ros2_service": "/robot_power",
                "ros2_service_type": "irobot_create_msgs/srv/RobotPower"
            },
            {
                "formant_stream": "estop",
                "ros2_service": "/e_stop"
            },
            {
                "formant_stream": "test_trigger_with_type",
                "ros2_service": "/test_trigger",
                "ros2_service_type": "example_interfaces/srv/Trigger"
            },
            {
                "formant_stream": "test_trigger_without_type",
                "ros2_service": "/test_trigger"
            },
            {
                "formant_stream": "test_set_bool_without_param",
                "ros2_service": "/test_set_bool"
            },
            {
                "formant_stream": "test_set_bool_with_param",
                "ros2_service": "/test_set_bool"
            },
            {
                "formant_stream": "test_add_two_ints",
                "ros2_service": "/test_add_two_ints"
            }
        ],
        "localization": {
            "formant_stream": "localization",
            "base_reference_frame": "base_link",
            "odometry_subscriber_ros2_topic": "/odom",
            "map_subscriber_ros2_topic": "/map",
            "point_cloud_subscriber_ros2_topics": ["/scan", "/stereo/depth/points"],
            "path_subscriber_ros2_topic": "/local_plan",
            "goal_subscriber_ros2_topic": "/goal_pose",
            "goal_publisher_ros2_topic": "/goal_pose",
            "cancel_goal_publisher_ros2_topic": "/move_base/cancel"
        },
        "numeric_sets": [
            {
                "formant_stream": "velocities",
                "ros2_subscribers": [
                    {
                        "ros2_topic": "/wheel_vels",
                        "ros2_message_path": "velocity_left",
                        "label": "left wheel velocity",
                        "unit": "rad/sec"
                    },
                    {
                        "ros2_topic": "/wheel_vels",
                        "ros2_message_path": "velocity_right",
                        "label": "right wheel velocity",
                        "unit": "rad/sec"
                    },
                    {
                        "ros2_topic": "/wheel_ticks",
                        "ros2_message_path": "ticks_left",
                        "label": "ticks left",
                        "unit": "ticks"
                    },
                    {
                        "ros2_topic": "/wheel_ticks",
                        "ros2_message_path": "ticks_right",
                        "label": "ticks right",
                        "unit": "ticks"
                    }
                ]
            }
        ]
    }
}